key_number:id,string:background_image
1,copy_1.jpg
2,copy_2.jpg
3,copy_3.jpg
4,copy_4.jpg
5,copy_5.jpg
6,copy_4.jpg
7,copy_5.jpg
8,copy_4.jpg
9,copy_5.jpg
10,copy_4.jpg
11,copy_5.jpg
12,copy_4.jpg
13,copy_5.jpg
14,copy_4.jpg
15,copy_5.jpg
16,copy_4.jpg
17,copy_5.jpg
18,copy_4.jpg
19,copy_5.jpg
20,copy_4.jpg
21,copy_5.jpg
22,copy_4.jpg
23,copy_5.jpg
24,copy_4.jpg
25,copy_5.jpg
26,copy_4.jpg
27,copy_5.jpg
28,copy_4.jpg
29,copy_5.jpg
30,copy_4.jpg
31,copy_5.jpg
32,copy_4.jpg
33,copy_5.jpg
34,copy_4.jpg
35,copy_5.jpg
36,copy_4.jpg
37,copy_5.jpg
38,copy_4.jpg
39,copy_5.jpg
40,copy_4.jpg
41,copy_5.jpg
42,copy_4.jpg
43,copy_5.jpg
44,copy_4.jpg
45,copy_5.jpg
46,copy_4.jpg
47,copy_5.jpg
48,copy_4.jpg
49,copy_5.jpg
50,copy_4.jpg
51,copy_5.jpg
52,copy_4.jpg
53,copy_5.jpg
54,copy_4.jpg
55,copy_5.jpg
56,copy_4.jpg
57,copy_5.jpg
58,copy_4.jpg
59,copy_5.jpg
60,copy_4.jpg
61,copy_5.jpg
62,copy_4.jpg
63,copy_5.jpg
64,copy_4.jpg
65,copy_5.jpg
66,copy_4.jpg
67,copy_5.jpg
68,copy_4.jpg
69,copy_5.jpg
70,copy_4.jpg
71,copy_5.jpg
72,copy_4.jpg
73,copy_5.jpg
74,copy_4.jpg
75,copy_5.jpg
76,copy_4.jpg
77,copy_5.jpg
78,copy_4.jpg
79,copy_5.jpg
80,copy_4.jpg
81,copy_5.jpg
82,copy_4.jpg
83,copy_5.jpg
84,copy_4.jpg
85,copy_5.jpg
86,copy_4.jpg
87,copy_5.jpg
88,copy_4.jpg
89,copy_5.jpg
90,copy_4.jpg
91,copy_5.jpg
92,copy_4.jpg
93,copy_5.jpg
94,copy_4.jpg
95,copy_5.jpg
96,copy_4.jpg
97,copy_5.jpg
98,copy_4.jpg
99,copy_5.jpg
100,copy_4.jpg
